id;district;target;class;goals_sets;types;sections;window;visible;cart;tokens;minPeak;greedy;random;moves;mechanic;features
1;1;tutorial;easy;2;2;2;1;6;5;6;0;True;1,00;6;;
2;1;tutorial;easy;4;3;2;1;6;5;12;1;True;1,00;14;;
3;1;easy;medium;4;4;2;1;6;5;12;1;False;0,29;13;;
4;1;easy;medium;6;4;2;2;7;5;18;2;False;0,63;21;;
5;1;medium;medium;7;5;2;2;7;5;21;3;False;0,15;28;lock;lock
6;1;medium;medium;8;5;2;2;7;5;24;3;False;0,45;30;;
7;1;medium;medium;8;5;3;2;7;5;27;2;False;0,34;29;customer;customer
8;1;hard;hard;9;5;2;3;8;5;30;4;False;0,06;39;;customer
9;1;medium;medium;9;5;3;2;7;5;30;3;False;0,35;34;box;box,customer
10;1;hard;hard;11;5;3;2;7;5;36;4;False;0,10;43;;lock,box,customer
11;2;medium;medium;10;6;3;2;7;5;33;2;False;0,50;43;extra;box,customer
12;2;hard;hard;11;7;4;2;7;5;36;4;False;0,11;40;;lock,box,customer
13;2;medium;medium;10;7;3;2;7;5;31;3;False;0,10;38;perish;box,customer,perish
14;2;hard;hard;12;8;4;2;7;5;39;4;False;0,06;45;;box,customer,perish
15;2;medium;medium;11;7;4;3;7;5;34;2;False;0,05;37;freezer;box,customer,perish,freezer
16;2;hard;hard;12;8;4;2;7;5;37;4;False;0,05;47;;lock,customer,perish
17;2;medium;medium;11;8;5;3;7;5;36;1;False;0,60;38;sale;customer,freezer,sale
18;2;hard;hard;13;9;4;2;7;5;42;4;False;0,05;52;;box,customer,sale
19;2;hard;hard;12;8;5;3;7;5;39;4;False;0,13;46;;lock,customer,freezer
20;2;superhard;hard;14;9;6;2;7;5;45;4;False;0,06;52;;lock,box,customer,freezer
21;3;medium;medium;11;10;5;3;7;5;35;3;False;0,05;40;big;lock,customer,perish,freezer,big
22;3;easy;medium;11;9;5;3;7;5;35;1;False;0,15;37;;customer,freezer,big,sale
23;3;medium;medium;12;9;4;2;7;5;37;3;False;0,10;45;;customer,big
24;3;medium;medium;10;9;4;3;7;5;28;1;False;0,05;30;pallet;lock,customer,perish,big,pallet,sale
25;3;hard;hard;10;10;5;2;7;5;26;4;False;0,20;33;;box,customer,perish,freezer,big,pallet,revision
26;3;easy;medium;12;9;4;3;7;5;34;2;False;0,59;35;;lock,customer,perish,big,pallet
27;3;medium;medium;10;9;5;2;7;5;28;2;False;0,53;34;bundle;customer,freezer,pallet,sale,bundle
28;3;hard;hard;12;10;5;2;7;5;32;4;False;0,04;40;;lock,customer,perish,freezer,big,pallet,sale,bundle
29;3;medium;medium;12;9;5;3;7;5;33;2;False;0,20;36;;lock,customer,freezer,pallet,sale,bundle
30;3;hard;hard;14;10;4;2;7;5;45;4;False;0,03;56;;customer,big,sale
31;4;medium;medium;12;10;5;2;7;5;37;2;False;0,13;43;belt2;customer,freezer,big,bundle,belt2
32;4;easy;medium;12;9;4;2;7;5;38;1;False;0,56;40;;lock,customer,belt2
33;4;medium;medium;14;9;4;2;7;5;46;2;False;0,06;50;;customer,sale,belt2
34;4;hard;hard;14;10;4;2;6;5;42;4;False;0,03;48;;customer,pallet,sale
35;4;medium;medium;13;9;4;2;7;5;41;1;False;0,66;43;;box,customer,big,sale,belt2
36;4;medium;medium;11;9;5;3;7;5;25;1;False;0,10;25;door;lock,customer,perish,freezer,big,pallet,sale,bundle,door
37;4;medium;medium;14;10;5;3;7;5;46;3;False;0,25;54;;customer,freezer,door
38;4;hard;hard;14;10;5;2;6;5;46;4;False;0,11;54;;box,customer,freezer,sale,door
39;4;medium;medium;14;9;5;2;7;5;46;1;False;0,04;50;;customer,perish,freezer,belt2,door
40;4;hard;hard;15;10;5;2;6;5;48;4;False;0,18;55;;box,customer,freezer,big,door
41;5;medium;medium;13;11;6;2;3;5;43;3;False;0,23;50;night;customer,freezer,door,night
42;5;easy;medium;13;10;5;3;7;5;41;3;False;0,43;46;;lock,customer,big,sale
43;5;medium;medium;14;10;6;2;3;5;38;1;False;0,04;39;;lock,customer,perish,freezer,bundle,belt2,door,night
44;5;hard;hard;15;11;6;2;3;5;46;4;False;0,01;57;;customer,freezer,big,bundle,door,night
45;5;medium;medium;15;10;6;2;3;5;41;2;False;0,26;46;;lock,customer,perish,freezer,big,bundle,door,night
46;5;easy;medium;14;10;6;3;7;5;41;1;False;0,14;42;;customer,freezer,big,pallet,door
47;5;medium;medium;14;10;5;3;7;5;40;3;False;0,15;46;;customer,sale,bundle
48;5;hard;hard;15;11;5;2;6;5;50;4;False;0,03;59;;lock,customer
49;5;medium;medium;15;11;6;2;7;5;43;3;False;0,10;48;;customer,freezer,big,pallet,door
50;5;hard;hard;15;11;5;2;3;5;45;4;False;0,00;54;;box,customer,bundle,night,revision
51;6;medium;medium;15;11;6;3;7;5;49;2;False;0,25;54;;customer,freezer,big
52;6;easy;medium;14;10;6;3;4;5;41;2;False;0,09;44;;customer,freezer,bundle,door,night
53;6;medium;medium;15;10;6;2;3;5;43;3;False;0,13;48;;lock,customer,freezer,bundle,night
54;6;hard;hard;17;11;5;2;6;5;54;4;False;0,04;61;;customer,big,pallet
55;6;medium;medium;15;10;6;3;4;5;50;1;False;0,04;51;;customer,perish,freezer,sale,door,night
56;6;easy;medium;13;10;6;2;7;5;42;1;False;0,23;45;;customer,freezer,belt2,door
57;6;medium;medium;15;11;6;2;3;5;48;1;False;0,26;48;;lock,box,customer,freezer,pallet,belt2,door,night
58;6;hard;hard;17;11;6;2;3;5;57;4;False;0,00;64;;lock,customer,perish,freezer,belt2,door,night
59;6;medium;medium;15;10;6;3;4;5;47;2;False;0,11;54;;lock,box,customer,perish,freezer,pallet,sale,door,night
60;6;superhard;hard;17;11;6;2;6;4;53;3;False;0,16;58;;customer,freezer,pallet
61;7;medium;medium;15;11;6;2;3;5;50;3;False;0,01;57;;customer,freezer,belt2,night
62;7;easy;medium;14;10;5;2;6;5;35;1;False;0,36;38;;customer,bundle,belt2
63;7;medium;medium;15;11;5;2;6;5;46;1;False;0,01;47;;lock,box,customer,perish,big,pallet,belt2
64;7;hard;hard;17;12;5;2;6;5;48;4;False;0,00;59;;lock,customer,bundle,belt2
65;7;medium;medium;15;11;6;3;4;5;49;4;False;0,36;54;;customer,freezer,big,door,night
66;7;easy;medium;14;10;5;3;4;5;46;2;False;0,00;49;;box,customer,perish,sale,night
67;7;medium;medium;15;11;5;2;6;5;48;3;False;0,19;56;;customer,big
68;7;hard;hard;17;12;6;2;6;5;50;4;False;0,00;61;;customer,freezer,sale,bundle,belt2,door
69;7;medium;medium;16;11;5;2;6;5;53;3;False;0,45;57;;box,customer,belt2
70;7;hard;hard;17;12;5;2;6;5;56;4;False;0,00;67;;customer,big,sale,belt2
71;8;medium;medium;16;11;6;2;6;5;49;2;False;0,06;51;;customer,freezer,pallet,belt2,door
72;8;easy;medium;14;10;5;3;4;5;46;2;False;0,74;48;;customer,sale,night
73;8;medium;medium;16;11;6;3;6;5;49;3;False;0,04;56;;lock,box,customer,freezer,big,bundle,door
74;8;hard;hard;17;12;6;2;6;5;55;4;False;0,01;66;;box,customer,freezer,big,sale
75;8;hard;hard;17;12;6;2;3;5;49;4;False;0,01;65;;box,customer,freezer,pallet,door,night,revision
76;8;easy;medium;13;10;5;3;6;5;38;3;False;0,41;42;;customer,big,bundle
77;8;medium;medium;15;11;6;3;6;5;39;2;False;0,01;41;;customer,perish,freezer,big,pallet,bundle,door
78;8;hard;hard;17;12;6;2;3;5;46;4;False;0,00;55;;customer,freezer,big,pallet,bundle,door,night
79;8;medium;medium;16;11;5;2;6;5;47;2;False;0,21;53;;customer,big,bundle,belt2
80;8;superhard;hard;18;12;6;2;3;4;61;3;False;0,03;70;;customer,freezer,sale,night
81;9;medium;medium;18;12;5;2;6;5;54;1;False;0,38;58;;lock,customer,big,pallet,belt2
82;9;easy;medium;17;11;5;2;6;5;51;1;False;0,55;52;;lock,customer,pallet,belt2
83;9;medium;medium;18;12;6;2;6;5;57;1;False;0,03;57;;customer,perish,freezer,big,pallet,sale,belt2,door
84;9;hard;hard;20;13;6;2;5;5;67;4;False;0,00;81;;box,customer,freezer,sale,belt2
85;9;medium;medium;19;12;5;2;6;5;58;1;False;0,44;58;;customer,perish,big,pallet,sale,belt2
86;9;easy;medium;16;11;5;2;3;5;48;2;False;0,00;53;;customer,perish,big,bundle,belt2,night
87;9;medium;medium;18;12;6;2;3;5;59;3;False;0,00;63;;lock,customer,freezer,big,belt2,door,night
88;9;hard;hard;20;13;5;2;5;5;64;4;False;0,00;76;;box,customer,big,sale,belt2
89;9;medium;medium;19;12;6;2;3;5;56;1;False;0,00;60;;box,customer,perish,freezer,big,sale,bundle,belt2,door,night
90;9;hard;hard;21;13;5;2;5;5;66;4;False;0,00;80;;lock,box,customer,sale,bundle,belt2
91;10;medium;medium;18;12;6;2;3;5;60;1;False;0,14;61;;customer,freezer,belt2,door,night
92;10;easy;medium;16;11;5;3;6;5;44;3;False;0,10;48;;box,customer,pallet,sale,bundle
93;10;medium;medium;18;12;6;2;6;5;56;2;False;0,23;58;;customer,freezer,pallet,sale,belt2,door
94;10;hard;hard;21;13;6;2;5;5;71;4;False;0,00;84;;customer,perish,freezer,belt2
95;10;medium;medium;18;12;6;3;4;5;54;2;False;0,16;59;;customer,freezer,big,pallet,night
96;10;easy;medium;16;11;5;3;4;5;52;1;False;0,01;55;;customer,perish,night
97;10;medium;medium;18;12;6;2;3;5;58;1;False;0,34;61;;box,customer,freezer,big,night
98;10;hard;hard;21;13;5;2;3;5;64;4;False;0,04;78;;box,customer,sale,bundle,belt2,night
99;10;medium;medium;19;12;6;2;6;5;55;3;False;0,03;60;;customer,freezer,big,sale,bundle,belt2
100;10;hard;hard;20;13;5;2;5;5;63;4;False;0,00;82;;lock,box,customer,big,belt2,revision
101;11;medium;medium;18;12;6;2;3;5;60;2;False;0,00;68;;customer,freezer,sale,belt2,door,night
102;11;easy;medium;17;11;6;2;6;5;55;1;False;0,11;56;;box,customer,freezer,belt2,door
103;11;medium;medium;19;12;6;2;6;5;64;2;False;0,08;68;;box,customer,freezer,belt2,door
104;11;hard;hard;21;13;5;2;5;5;67;4;False;0,04;77;;box,customer,pallet
105;11;medium;medium;19;12;6;2;6;5;53;2;False;0,05;64;;lock,customer,freezer,bundle,door
106;11;easy;medium;16;11;6;2;3;5;37;1;False;0,10;39;;customer,perish,freezer,big,pallet,bundle,belt2,door,night
107;11;medium;medium;18;12;5;2;6;5;49;2;False;0,00;55;;customer,perish,big,sale,bundle,belt2
108;11;hard;hard;21;13;6;2;5;5;71;4;False;0,00;85;;box,customer,freezer,belt2
109;11;medium;medium;18;12;6;2;3;5;52;2;False;0,01;56;;box,customer,freezer,bundle,belt2,door,night
110;11;hard;hard;21;13;6;2;3;5;60;4;False;0,00;71;;lock,box,customer,freezer,pallet,sale,bundle,belt2,night
111;12;medium;medium;18;12;6;2;3;5;53;1;False;0,09;56;;customer,perish,freezer,pallet,sale,bundle,belt2,night
112;12;easy;medium;16;11;5;2;6;5;51;2;False;0,04;55;;box,customer,big,sale,belt2
113;12;medium;medium;18;12;6;3;4;5;55;3;False;0,00;59;;lock,customer,freezer,pallet,door,night
114;12;hard;medium;20;13;6;2;5;5;65;3;False;0,03;78;;lock,box,customer,freezer,pallet,sale,belt2
115;12;medium;medium;18;12;6;2;6;5;56;3;False;0,01;63;;box,customer,freezer,big,pallet,sale,belt2,door
116;12;easy;medium;16;11;6;3;6;5;52;2;False;0,01;58;;lock,box,customer,freezer,sale,door
117;12;medium;medium;18;12;5;2;6;5;56;3;False;0,01;62;;box,customer,sale,bundle,belt2
118;12;hard;medium;21;13;6;2;3;5;55;2;False;0,00;58;;customer,perish,freezer,pallet,sale,bundle,belt2,night
119;12;medium;medium;19;12;6;2;3;5;63;3;False;0,06;72;;customer,freezer,door,night
120;12;superhard;hard;22;13;5;2;3;4;71;3;False;0,00;85;;lock,box,customer,pallet,sale,belt2,night
121;13;medium;medium;19;13;6;2;3;5;63;2;False;0,00;69;;customer,freezer,sale,belt2,door,night
122;13;easy;medium;16;12;6;2;6;5;43;1;False;0,01;47;;customer,perish,freezer,pallet,bundle,belt2,door
123;13;medium;medium;19;13;6;2;6;5;54;2;False;0,00;63;;customer,freezer,sale,bundle,belt2,door
124;13;hard;medium;22;14;6;2;5;5;64;2;False;0,00;75;;customer,perish,freezer,big,bundle,belt2,door
125;13;hard;hard;21;14;6;2;5;5;68;4;False;0,00;81;;lock,customer,freezer,belt2,door,revision
126;13;easy;medium;16;12;6;2;6;5;51;1;False;0,16;52;;lock,customer,freezer,belt2,door
127;13;medium;medium;20;13;6;2;6;5;64;1;False;0,18;67;;box,customer,freezer,big,belt2
128;13;hard;hard;21;14;5;2;3;5;71;4;False;0,00;90;;lock,customer,sale,belt2,night
129;13;medium;medium;20;13;5;2;6;5;56;2;False;0,09;63;;customer,big,pallet,bundle,belt2
130;13;hard;medium;21;14;6;2;5;5;69;3;False;0,00;85;;lock,customer,freezer,big,belt2,door
131;14;medium;medium;20;13;6;2;6;5;57;1;False;0,16;61;;lock,box,customer,freezer,big,pallet,sale,bundle,belt2
132;14;easy;medium;17;12;5;2;6;5;54;2;False;0,09;60;;box,customer,big,sale,belt2
133;14;medium;medium;20;13;6;2;3;5;55;2;False;0,01;60;;customer,freezer,pallet,sale,bundle,belt2,night
134;14;hard;hard;21;14;5;2;5;5;70;4;False;0,00;89;;customer,belt2
135;14;medium;medium;19;13;6;2;6;5;61;2;False;0,00;69;;box,customer,freezer,big,sale,belt2,door
136;14;easy;medium;16;12;5;2;3;5;51;2;False;0,08;60;;customer,sale,belt2,night
137;14;medium;medium;20;13;5;2;6;5;64;3;False;0,00;73;;box,customer,bundle,belt2
138;14;hard;hard;22;14;6;2;3;5;74;4;False;0,00;90;;customer,freezer,belt2,door,night
139;14;medium;medium;20;13;5;2;6;5;58;2;False;0,01;67;;lock,customer,big,pallet,bundle,belt2
140;14;superhard;hard;23;14;6;2;5;4;76;3;False;0,00;86;;box,customer,freezer,big,sale,belt2
141;15;medium;medium;20;13;6;2;6;5;66;1;False;0,11;71;;lock,box,customer,freezer,belt2
142;15;easy;medium;17;12;5;2;6;5;55;3;False;0,01;65;;customer,sale,belt2
143;15;medium;medium;20;13;6;2;6;5;58;2;False;0,04;68;;customer,freezer,big,bundle,belt2,door
144;15;hard;hard;22;14;6;2;5;5;70;4;False;0,00;87;;customer,freezer,sale,bundle,belt2,door
145;15;medium;medium;19;13;6;2;3;5;63;2;False;0,03;69;;lock,customer,freezer,sale,belt2,door,night
146;15;easy;medium;18;12;5;2;6;5;48;1;False;0,26;50;;customer,pallet,bundle,belt2
147;15;medium;medium;20;13;6;2;6;5;54;3;False;0,01;63;;customer,freezer,pallet,bundle,belt2,door
148;15;hard;hard;21;14;6;2;5;5;71;4;False;0,00;82;;customer,freezer,belt2,door
149;15;medium;medium;19;13;6;2;6;5;54;3;False;0,01;60;;customer,freezer,bundle,belt2,door
150;15;hard;hard;22;14;6;2;3;5;70;4;False;0,00;86;;customer,freezer,belt2,night,revision
